{
	"sources" : 
	[
		{
			"file" : "/home/ubuntu/pico-team202/cyw43-driver/pico-sdk/src/rp2_common/pico_cyw43_driver/CMakeFiles/PioasmBuild"
		},
		{
			"file" : "/home/ubuntu/pico-team202/cyw43-driver/pico-sdk/src/rp2_common/pico_cyw43_driver/CMakeFiles/PioasmBuild.rule"
		},
		{
			"file" : "/home/ubuntu/pico-team202/cyw43-driver/pico-sdk/src/rp2_common/pico_cyw43_driver/CMakeFiles/PioasmBuild-complete.rule"
		},
		{
			"file" : "/home/ubuntu/pico-team202/cyw43-driver/pico-sdk/src/rp2_common/pico_cyw43_driver/pioasm/src/PioasmBuild-stamp/PioasmBuild-build.rule"
		},
		{
			"file" : "/home/ubuntu/pico-team202/cyw43-driver/pico-sdk/src/rp2_common/pico_cyw43_driver/pioasm/src/PioasmBuild-stamp/PioasmBuild-configure.rule"
		},
		{
			"file" : "/home/ubuntu/pico-team202/cyw43-driver/pico-sdk/src/rp2_common/pico_cyw43_driver/pioasm/src/PioasmBuild-stamp/PioasmBuild-download.rule"
		},
		{
			"file" : "/home/ubuntu/pico-team202/cyw43-driver/pico-sdk/src/rp2_common/pico_cyw43_driver/pioasm/src/PioasmBuild-stamp/PioasmBuild-install.rule"
		},
		{
			"file" : "/home/ubuntu/pico-team202/cyw43-driver/pico-sdk/src/rp2_common/pico_cyw43_driver/pioasm/src/PioasmBuild-stamp/PioasmBuild-mkdir.rule"
		},
		{
			"file" : "/home/ubuntu/pico-team202/cyw43-driver/pico-sdk/src/rp2_common/pico_cyw43_driver/pioasm/src/PioasmBuild-stamp/PioasmBuild-patch.rule"
		},
		{
			"file" : "/home/ubuntu/pico-team202/cyw43-driver/pico-sdk/src/rp2_common/pico_cyw43_driver/pioasm/src/PioasmBuild-stamp/PioasmBuild-update.rule"
		}
	],
	"target" : 
	{
		"labels" : 
		[
			"PioasmBuild"
		],
		"name" : "PioasmBuild"
	}
}