{
	"sources" : 
	[
		{
			"file" : "/home/ubuntu/webdisplay/CMakeFiles/ELF2UF2Build"
		},
		{
			"file" : "/home/ubuntu/webdisplay/CMakeFiles/ELF2UF2Build.rule"
		},
		{
			"file" : "/home/ubuntu/webdisplay/CMakeFiles/ELF2UF2Build-complete.rule"
		},
		{
			"file" : "/home/ubuntu/webdisplay/elf2uf2/src/ELF2UF2Build-stamp/ELF2UF2Build-build.rule"
		},
		{
			"file" : "/home/ubuntu/webdisplay/elf2uf2/src/ELF2UF2Build-stamp/ELF2UF2Build-configure.rule"
		},
		{
			"file" : "/home/ubuntu/webdisplay/elf2uf2/src/ELF2UF2Build-stamp/ELF2UF2Build-download.rule"
		},
		{
			"file" : "/home/ubuntu/webdisplay/elf2uf2/src/ELF2UF2Build-stamp/ELF2UF2Build-install.rule"
		},
		{
			"file" : "/home/ubuntu/webdisplay/elf2uf2/src/ELF2UF2Build-stamp/ELF2UF2Build-mkdir.rule"
		},
		{
			"file" : "/home/ubuntu/webdisplay/elf2uf2/src/ELF2UF2Build-stamp/ELF2UF2Build-patch.rule"
		},
		{
			"file" : "/home/ubuntu/webdisplay/elf2uf2/src/ELF2UF2Build-stamp/ELF2UF2Build-update.rule"
		}
	],
	"target" : 
	{
		"labels" : 
		[
			"ELF2UF2Build"
		],
		"name" : "ELF2UF2Build"
	}
}